filename, Ambulance, Bus, Car, Motorcycle, Truck
5be17124d52e2422_jpg.rf.036e37a69908c50442c4f9797805321a.jpg, 0, 0, 1, 0, 0
30c34450257afce3_jpg.rf.03b9bec576ffde990f9fca158d621695.jpg, 0, 0, 1, 0, 0
9a6f354940e93dd4_jpg.rf.008dbe42611b61d5961f6e7f48d96164.jpg, 0, 0, 1, 0, 0
27fed64f6e8e0fb1_jpg.rf.03e4641c98ddde811675ae827201c91d.jpg, 0, 0, 1, 0, 0
547c1b1416d7b64d_jpg.rf.0122209e71c68545742ad0c7469a0fa7.jpg, 1, 0, 0, 0, 0
041e674d0d9a45ec_jpg.rf.04aceb09b28469c6ecd8b29890a29a35.jpg, 0, 0, 0, 1, 0
99d905d40b37c9a6_jpg.rf.03bbb0023f59c1335b5b3fb30dd02634.jpg, 0, 0, 1, 0, 0
7ee812fcba54457d_jpg.rf.05262851492c8db5d33b9be97d67eab2.jpg, 0, 0, 0, 1, 0
bad3fff8e9589902_jpg.rf.06650866c4b4027651fac7a7c823b8ef.jpg, 0, 0, 1, 0, 0
d33229162d822801_jpg.rf.0098eaffc64d4c92e890768bafb7ea2c.jpg, 0, 0, 1, 0, 0
447c9ff274fab842_jpg.rf.06185ccadc21acd0e6e8121794533341.jpg, 0, 1, 0, 0, 0
3b6986bd37ece365_jpg.rf.01c55af033810de25aec1fe9cc4d525c.jpg, 0, 0, 1, 0, 0
0d829bbd335fe81c_jpg.rf.070b47e1f4943dbce964d82dfc26cfa6.jpg, 0, 1, 0, 0, 0
5152a73eea6c7a2e_jpg.rf.07561934b420d3c8bed2c8caee32434b.jpg, 0, 0, 1, 0, 0
09acb63accd06236_jpg.rf.09c449f5675811d6b437c7d6b9e4a9b4.jpg, 0, 0, 0, 0, 1
4589c2d83ce48bae_jpg.rf.0aa741b7e8596d7eeb058898eb3e08a4.jpg, 0, 0, 0, 0, 1
040d25a99e7b675b_jpg.rf.0c0cbd61ec3630212d1c49de4f512c95.jpg, 1, 0, 0, 0, 0
352fcffeb445679c_jpg.rf.096ad3f410e1da1a6fca2c131c554614.jpg, 0, 0, 1, 0, 0
13ea89974fc5e30b_jpg.rf.09b41ca56e030a63c1ff30108879e653.jpg, 0, 0, 0, 0, 1
b0c53f5874d27590_jpg.rf.0a5c1fb8e333db2cea5cf86a53c3f8b6.jpg, 0, 0, 1, 0, 0
1d9e2bdfc0ef4f35_jpg.rf.08a1d55eadb2933a8bee441c161607ad.jpg, 0, 0, 1, 0, 0
2364e615592f1fe0_jpg.rf.0779b256925071912e3e7105259fe549.jpg, 0, 1, 0, 0, 0
5180d4b18ca6cef4_jpg.rf.09fcb321e2135f73c114b8e5190f666d.jpg, 0, 0, 0, 0, 1
3967e7c4900084d6_jpg.rf.0903ee44cebbc48bf4e0ca0d7b89d8d7.jpg, 0, 1, 0, 0, 0
b12f449994380c37_jpg.rf.12f029355613a4f0f3495147908e2763.jpg, 0, 1, 0, 0, 0
cb4e0dac761c5e79_jpg.rf.1192f27f6d5a76f0789b7b1af33f311a.jpg, 0, 0, 1, 0, 0
a0b5db178759f6ca_jpg.rf.128bb5f0660a00ab81408f16bc1de295.jpg, 0, 0, 0, 1, 0
6f6469b661188809_jpg.rf.11d94e785c57eb82e03c3c0a1911127d.jpg, 1, 0, 0, 0, 0
a70bc382ce075409_jpg.rf.0c07d02bddc9bd661aca8ab072bb8408.jpg, 0, 0, 0, 0, 1
44e913fc3c81999f_jpg.rf.130653d8a4089c13e6d880921fe7fd0a.jpg, 0, 0, 1, 0, 0
65e29a38268145a8_jpg.rf.0f569cb5b1dfa68917af897d611da6e0.jpg, 0, 0, 1, 0, 0
6fcb072467002402_jpg.rf.0df563cf9e62fa7f8649db4dd66ca1d1.jpg, 0, 0, 1, 0, 0
230823605bf60c37_jpg.rf.13fa9fd310eff5ac62c051a137870e8a.jpg, 1, 0, 0, 0, 0
9b57ee9468a373aa_jpg.rf.12cfc85805dd32f38b0fdeb9b59b56be.jpg, 0, 1, 0, 0, 0
91e11943f15e4b3c_jpg.rf.0f725f154b87a73255ad71ba1ddad5fc.jpg, 0, 0, 1, 0, 0
c77be5bb5fb7e75c_jpg.rf.0f4f0992f79d06dab2c2a42757ccfb04.jpg, 0, 1, 0, 0, 0
4efd242e1c4b204c_jpg.rf.10f54fa4e50dadedeed05fe6bd6c07f7.jpg, 0, 0, 0, 0, 1
40b4b49db4472185_jpg.rf.111362d3525ccb1df2d7f91dd9e0321d.jpg, 0, 1, 0, 0, 0
d5eee03017071328_jpg.rf.165981b69b7c696229f632f395a95075.jpg, 1, 0, 0, 0, 0
b829b619823db831_jpg.rf.1543a036762a857998abb4bcd3c7c801.jpg, 0, 0, 1, 0, 0
c238ce6250dcd9d7_jpg.rf.0be4c8fea450d9ea3518250f58e586ed.jpg, 1, 0, 0, 0, 0
ea4db6d3182a65f7_jpg.rf.154d49a9db09e833f79950f1ad3690ae.jpg, 0, 0, 1, 0, 0
823dc9232c0c68f9_jpg.rf.1675da190759a963762ed2004abdf4c7.jpg, 0, 0, 0, 0, 1
a7a0f7d1903a8072_jpg.rf.1539b8ae91f8ee6ea64d95e4e1b40959.jpg, 0, 0, 0, 0, 1
f843e953b9f2d8e1_jpg.rf.1514a5421203764e7f765a272a1d6743.jpg, 0, 0, 1, 0, 0
9f44fe965d91b697_jpg.rf.14fd35b087fea32023660e19f43ab09d.jpg, 0, 0, 1, 0, 0
d42a0bbfe8880627_jpg.rf.165645374c7bd88c5786a90807f33c1b.jpg, 0, 0, 1, 0, 0
1b9c5720266a6140_jpg.rf.15c9ba61b873dce4174581a746d87b59.jpg, 1, 0, 0, 0, 0
c6f32b8a12b9a44a_jpg.rf.18a8776c64bf7d89588d86cb0611fb81.jpg, 0, 0, 0, 1, 0
a37730f43629ed00_jpg.rf.1f16c73c7faf6a7ee353caadd2c18f76.jpg, 0, 0, 1, 0, 0
f0e4f481d71014ab_jpg.rf.187ebb0639aea4d3813e9dd9305389b8.jpg, 0, 0, 0, 0, 1
7c4956f09516e64c_jpg.rf.19004fab0aa2d134c8c6d57dc3358f52.jpg, 0, 0, 1, 0, 0
6f264bba4e43a80d_jpg.rf.1fb24963fc896d1ea3dcff7e6e4d33f4.jpg, 0, 0, 0, 1, 0
f0aa9d4ad9fc9e87_jpg.rf.1c494e30b0a2d9467a13791e4090b461.jpg, 0, 0, 0, 1, 0
32a5e22ccdaa8d98_jpg.rf.18278344cd67247d1226f15b7f38c7cf.jpg, 0, 0, 1, 0, 0
e5c0f9ec07e64e58_jpg.rf.1a460ae992e3f7d6ef44b727f59fc67d.jpg, 0, 0, 1, 0, 0
f0f681ded8dcb793_jpg.rf.19ba47a474ceb57f94e254852484163c.jpg, 0, 0, 0, 0, 1
d56b0614c384299d_jpg.rf.22e1cef6529d2a5432036b01bef5ee13.jpg, 0, 0, 1, 0, 0
8996881c2bf7245a_jpg.rf.1c7eee636f78a26de9f65dbe45f02ac7.jpg, 0, 0, 1, 0, 0
81bd05743ca6aeca_jpg.rf.20b44037c2c0fa03e40cdf52eafa3464.jpg, 0, 0, 1, 0, 0
fedcf2c1a78c1446_jpg.rf.257120d2f52fd3c4fc8e0da9d3e62c22.jpg, 0, 0, 1, 0, 0
a836b230394abec3_jpg.rf.2468fc0a90abe63a9b382948fbe3daae.jpg, 0, 0, 0, 1, 0
fb23426a994489c5_jpg.rf.28f992a9995314c47b3513939d81953c.jpg, 0, 0, 1, 0, 0
f784a8f5b2e0edbc_jpg.rf.18b7bef019e2d95d24fc400f754c9df4.jpg, 0, 0, 1, 0, 0
66f8fb08aec69f56_jpg.rf.23c613c8b1331b976d8e1cc95ec69696.jpg, 1, 0, 0, 0, 0
1c64bff45216007f_jpg.rf.26ed073202367d6557a56663e3fbd115.jpg, 0, 0, 0, 0, 1
a86e99068ec8dade_jpg.rf.200a39c3c247f2cabe8e13284d4e17c8.jpg, 0, 0, 1, 0, 0
8ab42b1f71d61b19_jpg.rf.2c3ca022aa5724820ada53da12da5a53.jpg, 0, 0, 1, 0, 0
a95dff91d3ce071a_jpg.rf.306a543fcd778e115eb4fe93d6166a64.jpg, 0, 0, 0, 1, 0
dc904e3df7290455_jpg.rf.179d612d5a50198db826a69d7732871e.jpg, 0, 0, 1, 0, 0
8e7132bac206401a_jpg.rf.2746c0404e645c38981e0645a74eadde.jpg, 0, 1, 0, 0, 0
7bec73d280fb3fb3_jpg.rf.1bc84c847c80e24482016927b53f5bbb.jpg, 0, 1, 0, 0, 0
28ed22d3254867a6_jpg.rf.2644f9be8f00339b361fb9db8de76cf0.jpg, 0, 0, 0, 0, 1
eee9fc95c2437751_jpg.rf.319af6a0a002ffd7a6d49bcc0926742a.jpg, 0, 1, 0, 0, 0
20c199ea745dd0de_jpg.rf.235289ed268c47c46d74bfbc4d071f09.jpg, 1, 0, 0, 0, 0
f5983edffb0122f6_jpg.rf.31fd596a03733558a422691f9b36b283.jpg, 0, 0, 0, 1, 0
3adea569e0432f6a_jpg.rf.2b8b13b50889ed674de27cc69955c964.jpg, 0, 0, 1, 0, 0
58d3e22c4c0d038d_jpg.rf.3318fe5cdf384ed09c6c7ccc1eb128a2.jpg, 0, 0, 1, 0, 0
2a565728597f77d4_jpg.rf.3587b826dccdc2f204d1c7475ac7e0c6.jpg, 0, 0, 0, 0, 1
558029647efc23fb_jpg.rf.2754bd90664ec51f76ab7baf006b0af6.jpg, 0, 0, 1, 0, 0
076317ab4c925aa9_jpg.rf.2b342018f64e68da82546169ae486429.jpg, 0, 1, 0, 0, 0
ba0341a067357bd0_jpg.rf.333bccad2babcef7cbac9e8e47d4e3c4.jpg, 0, 0, 0, 1, 0
04c1d6c2570a7c42_jpg.rf.39e2ac1916d89c29a860060eb977a8a8.jpg, 0, 0, 0, 0, 1
a3a9d9452578defa_jpg.rf.32b1700f7ac83ead39a4363a15a659ba.jpg, 0, 1, 0, 0, 0
4a6fdb56291f3a52_jpg.rf.37451e12cd8412da01328e6be4043abe.jpg, 0, 0, 1, 0, 0
0133391d627e6df4_jpg.rf.39b56ea4597a01b6e40c8c176fa32f7b.jpg, 0, 0, 0, 0, 1
cd04413a18fb1790_jpg.rf.392122b5198924daae4b8742e5bca98f.jpg, 0, 0, 1, 0, 0
3061a0dcab735c59_jpg.rf.3e8fb7cae70ca8fd424be620035bb1a2.jpg, 0, 0, 1, 0, 0
8f28dbee29152679_jpg.rf.354589d44802c0e1d0a2fa10027e1e99.jpg, 0, 0, 1, 0, 0
aecd7416f432a683_jpg.rf.3b7793b4a69f6fa34d67dbf4eb76c8d8.jpg, 0, 1, 0, 0, 0
aeacc12dda099133_jpg.rf.3a9700a691c7140aac41e03c653099ce.jpg, 0, 0, 1, 0, 0
094a36746383c2c9_jpg.rf.3b8e665df62fff5d4c23048ae22a3994.jpg, 0, 0, 1, 0, 0
b792b9170353420e_jpg.rf.3df117c17d19cfb906f91d863fff2f6a.jpg, 0, 0, 1, 0, 0
089cc41a901b2653_jpg.rf.2b2e23c2c7f2fc83b96153de45282ca3.jpg, 1, 0, 0, 0, 0
8a82a293c3687273_jpg.rf.3f6b79948a8055df914d464eb45c4ddb.jpg, 0, 0, 0, 1, 0
6361620bf0d610ac_jpg.rf.301dadbf4334a88c955f1c338002dc92.jpg, 0, 0, 0, 0, 1
c9ddb43cf0449556_jpg.rf.3a4e87372c4c6b11d95fafe37d0a5ea3.jpg, 0, 0, 1, 0, 0
b9e1dcfd07291353_jpg.rf.3e1fd6d1447bf3aac53415616bf8553c.jpg, 0, 0, 0, 1, 0
7ee15edb0c2a85a3_jpg.rf.4089ae7fc0cce2fc0238ed77bc66d77e.jpg, 0, 0, 0, 1, 0
d6aff68bbb64a2d7_jpg.rf.4421ba29000a9ad8f858b09bce99ff1a.jpg, 0, 1, 0, 0, 0
a7d33981079f545f_jpg.rf.3f12f45d9a3212f9928d9ac040f003c1.jpg, 0, 1, 0, 0, 0
3fd6655efb7421d7_jpg.rf.3fa8723bb8197676b32f715bbf6799df.jpg, 0, 0, 1, 0, 0
63ee0ce9f69bf8e5_jpg.rf.43d448a0ada85e0a60cf6fbb73ed1b26.jpg, 1, 0, 0, 0, 0
dc8bd5855688ad54_jpg.rf.419670ac209a40acaaac0caa5a85d0f6.jpg, 0, 0, 1, 0, 0
f8c637fc8220a918_jpg.rf.3e49c717ef2a60aea8d3542a974facf9.jpg, 0, 1, 0, 0, 0
87b33e9edd7ccafe_jpg.rf.37dc0e31d0d8576664fd17531e96d1e4.jpg, 1, 0, 0, 0, 0
031a836081712b50_jpg.rf.4655fd23a7d301cabe9527538c510212.jpg, 0, 0, 0, 0, 1
f868db46dea5554e_jpg.rf.3a556fd77875d24b2f0b8faeab0bb544.jpg, 0, 0, 0, 1, 0
17d99b801acab230_jpg.rf.40a98d84ce8159e0790e9eb927a0eda6.jpg, 0, 0, 0, 1, 0
ccda9fe055e7fb14_jpg.rf.45deeb6a534a12352be411e59ca86fbd.jpg, 1, 0, 0, 0, 0
ceaec0f3cdb104c0_jpg.rf.416a56e242fc4d277acbc4ba445f8c61.jpg, 0, 1, 0, 0, 0
bd83b1913c6b7453_jpg.rf.46a23774b232958ca2d074a12074012e.jpg, 0, 1, 0, 0, 0
edf2794344b68506_jpg.rf.3f244d4da75f841676964830bc8b27e6.jpg, 0, 0, 0, 0, 1
3ded02412ac12d4b_jpg.rf.4722983021e14dd09d47c566d107f2ea.jpg, 0, 1, 0, 0, 0
bf0fd1bb683dab7c_jpg.rf.443af272c6826dd9f6514d1e2a60dbf6.jpg, 0, 0, 0, 0, 1
52ecf401e54ac404_jpg.rf.44dc39dcae8af7901191936225e2f6d9.jpg, 1, 0, 0, 0, 0
c3a9caff83640956_jpg.rf.487d68c83485d7a81b1bac8226048c10.jpg, 0, 0, 1, 0, 0
1238d5f7b2820007_jpg.rf.43766ec3a7eb4e18164fb3fd72552793.jpg, 0, 1, 0, 0, 0
6369f9d6c2bfab75_jpg.rf.47a043f6600b4db0b015d9d0ff593056.jpg, 0, 0, 0, 0, 1
6704ff10a79cf50f_jpg.rf.45e1dcb768621bd51398f11a9e8be6f2.jpg, 1, 0, 0, 0, 0
723f1dec45f28293_jpg.rf.48b92ebf3182bf0d51bd52ee50bd5a09.jpg, 0, 1, 0, 0, 0
0b35c604f8a87bd0_jpg.rf.49f5054083dcf8019062d9ed8d745558.jpg, 1, 0, 0, 0, 0
5be6fbdc2835aa92_jpg.rf.4d250f8208d7b15bbd3af01188a2ce0e.jpg, 0, 0, 0, 1, 0
aeb050c3f8cd4cd0_jpg.rf.42a9575a5aaff04e9cc9e57686d1b506.jpg, 1, 0, 0, 0, 0
81ef85dffa49536c_jpg.rf.5072a3f6300337b70f712a7f2aa2a857.jpg, 0, 1, 0, 0, 0
9d328718dcef1817_jpg.rf.49f7256de68dccfe318a134374fe6fdd.jpg, 0, 0, 1, 0, 0
bdc6ddcd3b5129bb_jpg.rf.489a842c0c5d160292858f05597e0384.jpg, 0, 1, 0, 0, 0
2b9ced539656ae78_jpg.rf.4e0f27d4c836768618f28e11290884de.jpg, 0, 0, 1, 0, 0
cde55879f441882f_jpg.rf.49e637463d97d20f883579e4658cfcc3.jpg, 0, 0, 0, 0, 1
d7fba63298a3e34e_jpg.rf.4eb60dc3fa6cc5cde647347a688e8a88.jpg, 1, 0, 0, 0, 0
ebac2405f7f51c19_jpg.rf.4562ae86104c62cf8c4e62a666f7b884.jpg, 0, 0, 0, 1, 0
5e61a07f1d23ec8d_jpg.rf.4b872410612d6b4e416bb37b7f0d0387.jpg, 1, 0, 0, 0, 0
c0e2ca0a63cc7aac_jpg.rf.4ea50472d57ad8d9528d79667ee31c17.jpg, 0, 1, 0, 0, 0
8d0f8a2eb446328a_jpg.rf.5224504d70335945173d415fcc385a1e.jpg, 0, 1, 0, 0, 0
068868f40fb6dbec_jpg.rf.4b8abc79dc8296b2f18cfd56392c540f.jpg, 0, 0, 0, 0, 1
0da0ba0e59845f96_jpg.rf.52e6b750e2ab24d22afe4a8185153a77.jpg, 0, 0, 1, 0, 0
53b558dba2201be2_jpg.rf.444117987bad783005b201c4600668fc.jpg, 0, 0, 1, 0, 0
b2137199558f5219_jpg.rf.5452bb4ef6690cfef58a63eb0177ce2a.jpg, 0, 0, 1, 0, 0
592e3df4fde8793d_jpg.rf.4dff20c79f5da6afa993f1ed86fa95f0.jpg, 0, 0, 1, 0, 0
28d3c263a66b08f5_jpg.rf.52a8ace0f23c4eafc19c202d9538b84b.jpg, 0, 0, 0, 1, 0
e7e8dc4cf52ecc62_jpg.rf.54731eda1e0b9a97b4773876dde2e0f0.jpg, 1, 0, 0, 0, 0
d31c720e294fee1a_jpg.rf.54d3275dfff05fff412126af8c089cf5.jpg, 0, 0, 0, 0, 1
0f7f3b82ff9db6e8_jpg.rf.55fc681b986a9c6e1c561b40318e97d2.jpg, 0, 0, 1, 0, 0
214e9577f1bc9e1a_jpg.rf.5161e55ba177ff99e566d8b1e033dccd.jpg, 0, 0, 0, 1, 0
3e485b3cb8cb0739_jpg.rf.56b91368e6052787c44ef344c29767bb.jpg, 0, 0, 1, 0, 0
4caf1ee77638a3fd_jpg.rf.4c93c398b617f00bf68a8dfce3db5bdb.jpg, 0, 0, 0, 1, 0
3434d3efad0adef5_jpg.rf.5703c727dac13cc4de1c756581b43185.jpg, 0, 0, 0, 1, 0
302b0d606203f3d2_jpg.rf.57b7d8cb7bce946b88f9c2d8e3604f1f.jpg, 0, 1, 0, 0, 0
7654aaa60913d6a2_jpg.rf.5b7f62851c438c852669390032586086.jpg, 0, 0, 1, 0, 0
fae37ea779ec1c65_jpg.rf.5c223bd8035d937b703cb0d59eb027dd.jpg, 0, 0, 1, 0, 0
2d31e0cd26889eaa_jpg.rf.5742d81e6de5b1066529d5e95a235b90.jpg, 0, 0, 1, 0, 0
402d1470aa6c1962_jpg.rf.578bba8f5f47d2433c03338234496166.jpg, 0, 0, 0, 0, 1
1b43e569dfb2d630_jpg.rf.608d5aaccc7896e1b69589e175924e30.jpg, 0, 0, 1, 0, 0
b00a9478020cf814_jpg.rf.5cf880a90075a4f4f212bd78cac557cc.jpg, 0, 1, 0, 0, 0
503173c071165bfb_jpg.rf.59f2292d9132c418c5ac66747b593732.jpg, 0, 0, 1, 0, 0
f34351bcba59ff09_jpg.rf.560e70aa4923375615ef825ca380e09b.jpg, 0, 1, 0, 0, 0
2d8f99d3e1b461fe_jpg.rf.56fafbcad31e089f1dfaffd30f14e9d0.jpg, 0, 0, 1, 0, 0
c52500a14f92ff65_jpg.rf.6054d2b98dad82bb7382936f63ddd786.jpg, 0, 0, 0, 0, 1
a438cdc02b45c29c_jpg.rf.58353336b558cea1be564613121f2e07.jpg, 0, 0, 0, 1, 0
e5659578c021aacf_jpg.rf.5db7d20b747007342bb2e5af027c8fcd.jpg, 0, 0, 0, 0, 1
e541b1c93246e2d2_jpg.rf.5ec3470114aa4abca74d92d1f9f691aa.jpg, 0, 0, 0, 0, 1
dc8954c5b6cf6c1d_jpg.rf.62c2ac7526fcc89f44cc4186a2743cf5.jpg, 0, 0, 1, 0, 0
d3825b2a6074c541_jpg.rf.61afdc920eabd18c690e59d693e5f973.jpg, 0, 0, 0, 1, 0
1f73c7a77643e224_jpg.rf.62c61d8d5bf0d7ad9c4abe11abafbf09.jpg, 0, 0, 0, 1, 0
5c965b7eec9de038_jpg.rf.631a9fd6669016f7c1648d6aacf26131.jpg, 0, 1, 0, 0, 0
00e2d9121adc0c20_jpg.rf.6248f46ba792972c5b1d2136de7481c6.jpg, 1, 0, 0, 0, 0
b55c2626eb8387c4_jpg.rf.662342886cfd1084541b97e51be67b60.jpg, 0, 0, 1, 0, 0
179795f3d2775d7c_jpg.rf.6729d7379413858101724a41a36d0c59.jpg, 0, 1, 0, 0, 0
9702d272dcc9e1fe_jpg.rf.60b00c19d92c16e557ab3bf0d1cd19e0.jpg, 0, 1, 0, 0, 0
5092b95a87fc6615_jpg.rf.6538078a32c0f703f5184b463a103cf7.jpg, 0, 0, 1, 0, 0
02d437a356a7c16e_jpg.rf.65de29bb11f431991b71999b0656a539.jpg, 0, 0, 1, 0, 0
b2b2e93f1a010cc6_jpg.rf.693d21eaeea4c39ddcb7e5c105a2d9dc.jpg, 0, 0, 1, 0, 0
fd30ab5d0338b876_jpg.rf.656e65aa42734791e054b39ca4f77cce.jpg, 1, 0, 0, 0, 0
ef56d52ee436d7ab_jpg.rf.6365c68c5d417bfa50c522615acb5960.jpg, 0, 0, 1, 0, 0
63ea081863347bfe_jpg.rf.6e67bd7075c8225ddde720fba40b87ce.jpg, 0, 0, 0, 1, 0
7fe975e3425882fe_jpg.rf.6c78eac516a626a279a0f28ddefffe77.jpg, 0, 1, 0, 0, 0
08ebb1106c5f4799_jpg.rf.6cc0d132ca6d67e9791ef423fdc0accf.jpg, 1, 0, 0, 0, 0
552a0d9a0fc92dac_jpg.rf.6ba81056b4bf629904e9c47c8d0711f8.jpg, 0, 0, 1, 0, 0
8d7a89e438cd9f89_jpg.rf.640623662552cbc40eff30be66754e55.jpg, 1, 0, 0, 0, 0
379423cf6bfdfa68_jpg.rf.643773edf4debc3f7d5727a626be8e4c.jpg, 0, 1, 0, 0, 0
ee2cd94b9d7fdba0_jpg.rf.6cabc3995a7905e631632467786fb24d.jpg, 0, 0, 1, 0, 0
f5eafb239bfa8a30_jpg.rf.6faec64f816bc580d6bf89a82df5e393.jpg, 0, 0, 0, 1, 0
20db335ae6d55102_jpg.rf.6b176cd083568720bc90caf5c0e3b42a.jpg, 0, 0, 1, 0, 0
bf9e0fd614ba028d_jpg.rf.6755e73376acdee3ead2875d4f1850d5.jpg, 0, 0, 1, 0, 0
8bffd89b6cda54fe_jpg.rf.6ff30c89414391a50492f16dac4319c3.jpg, 0, 0, 1, 0, 0
6815d9cdea3f61d8_jpg.rf.6e852774970d3f548c825064e9bd197c.jpg, 0, 0, 1, 0, 0
ca00cc1e9f910cfa_jpg.rf.71376573d4859cc7e2516f2c3ecbee47.jpg, 0, 0, 1, 0, 0
e887c2fbb6a47737_jpg.rf.73c0752485467fba21e17df0bfe0af6d.jpg, 0, 1, 0, 0, 0
c9c5db9f86740e01_jpg.rf.779b7783d1b5b75d02b8706fb1896301.jpg, 0, 0, 1, 0, 0
a951528227f53582_jpg.rf.72ac3ecb65d7f69d8b7ee4c8261d7f8c.jpg, 1, 0, 0, 0, 0
0ebb654be1697247_jpg.rf.726a0c4e7629a5bc31076d7b7a939919.jpg, 1, 0, 0, 0, 0
b5e9086cb2179adc_jpg.rf.6300d2fe73d3a72400feabed2c8a111d.jpg, 0, 0, 0, 0, 1
beb71a1a1d74af2e_jpg.rf.72942efa466a200061db3a1d83628409.jpg, 0, 0, 1, 0, 0
0dddb5e2bc416a16_jpg.rf.7824ca630f439df61d4a5a7a41caa143.jpg, 1, 0, 0, 0, 0
e0911bf7f6fa1c50_jpg.rf.72bd95758514aa2b1a19b695bcbb332a.jpg, 1, 0, 0, 0, 0
ce21b1595f7f0cfb_jpg.rf.6b3afc45800ce68797c59948a4dfa0fa.jpg, 0, 0, 1, 0, 0
954544f166417294_jpg.rf.70ec01c9264d60df1245b2ad670dd592.jpg, 0, 0, 1, 0, 0
013476982d77e380_jpg.rf.7af6150074c216d797b5686b5062e627.jpg, 0, 0, 1, 0, 0
b63484b53dfcb428_jpg.rf.74aacbbdd1bce084709fa8e49f386876.jpg, 0, 0, 0, 1, 0
e9817cc6def5f246_jpg.rf.7c416ac85993392d82c156a952e8c7f6.jpg, 0, 0, 1, 0, 0
35d9087aa3e253ac_jpg.rf.751d551001c35fd4aa8ea11acd63dd41.jpg, 0, 0, 1, 0, 0
e4c25e53e7f2ee81_jpg.rf.7dca4bf0520fbe4f9be4735d8ee6fcee.jpg, 0, 0, 1, 0, 0
26263aba764cf3ed_jpg.rf.7fcf7ee86d988a1a22034862a00ddcf6.jpg, 0, 0, 1, 0, 0
9854a4a7f8550050_jpg.rf.7eaeb9b19e419637930a1abf36f980f5.jpg, 0, 1, 0, 0, 0
ef09acf9d1b77550_jpg.rf.7e4e4c82b8ded02cd13d0f50ab93923a.jpg, 0, 0, 1, 0, 0
f71f6c1a323b6fa5_jpg.rf.817d2508dcc5eaaf0823b8ef2d49890e.jpg, 0, 0, 0, 1, 0
d19ab46e7433e5b6_jpg.rf.7bc2b5c20111a2d1fee3cd26a637edc4.jpg, 0, 0, 1, 0, 0
54b9aac8bf5e1a20_jpg.rf.7d91a1d002ebfff864775ee818f600da.jpg, 0, 0, 0, 1, 0
39fac0e910b58065_jpg.rf.7a97bd9932f4357ddb94134223eb15df.jpg, 0, 0, 1, 0, 0
f46ff82400cf2c40_jpg.rf.746b2734b6f3f2991376028147e71962.jpg, 1, 0, 0, 0, 0
e9318ed3c92c142b_jpg.rf.80cd6d5184c970bfca15fa4055d7b6a0.jpg, 0, 0, 1, 0, 0
d79e499c711c6b69_jpg.rf.81d0cbea0a6fc3053e107ab2682dc8c3.jpg, 0, 0, 1, 0, 0
469b1bb2ece31056_jpg.rf.85321ee90ebe7e160f2a5edd1a93d10c.jpg, 0, 0, 1, 0, 0
6530d0782d211876_jpg.rf.86664d09e28079050a14f945a8b2a569.jpg, 0, 0, 1, 0, 0
da3a592ffd3c4e23_jpg.rf.84c91c2da2c6e98a7d38ad9b2780b749.jpg, 0, 0, 1, 0, 0
02178f3aa9e8b0d1_jpg.rf.80b35fb4b3eeb94908b19705bfbc9ce4.jpg, 0, 0, 0, 1, 0
2e29dd7285110315_jpg.rf.7f03f0b384f39c71ee67b05700c128e5.jpg, 0, 0, 0, 0, 1
c350281af5ea9607_jpg.rf.82bd101e23b6b62ee9bc92e94a5732c7.jpg, 0, 1, 0, 0, 0
aef70378eeebbb14_jpg.rf.87ac5cda138f3a9acd59d094cc8d25b2.jpg, 0, 0, 0, 1, 0
19ed71affe514276_jpg.rf.8798c64c9872a02e22e834ab1a9fb95d.jpg, 0, 0, 0, 0, 1
00e0422e47cdbeb7_jpg.rf.85cc90637396f268569831c85ff8fdf8.jpg, 1, 0, 0, 0, 0
5d2ed108b18d3897_jpg.rf.83be03d9ea65e6e0aad7bcc5c272566b.jpg, 0, 0, 1, 0, 0
5be78746b65e3113_jpg.rf.82e6064719a9887337b750db6966eb4c.jpg, 1, 0, 0, 0, 0
d19f3557d1314817_jpg.rf.84c663321f2e2dae8df552f261b2069d.jpg, 0, 0, 1, 0, 0
5e6f7b535e8045e0_jpg.rf.883833aa28fd4c34893d13bf6a2e1ad6.jpg, 0, 0, 1, 0, 0
93684b17bf1c1b0f_jpg.rf.8b2a7568de7e967378ce5a274cde0c89.jpg, 0, 1, 0, 0, 0
c7ba731691765c73_jpg.rf.82f72a805b183e3f442ca324c26e7e19.jpg, 0, 1, 0, 0, 0
c645a919dfb54b94_jpg.rf.886b887cf882d5780bd405a7bdbc1a75.jpg, 0, 0, 1, 0, 0
33982df55de352d9_jpg.rf.839d83647df86ce792bfdcdcf99b9937.jpg, 0, 0, 1, 0, 0
747cd7852c715967_jpg.rf.8938de7d38032695256d6d71924f53a6.jpg, 0, 0, 0, 0, 1
9eb47e708593623d_jpg.rf.86bc1ac33b78de33e812e74981c92d5d.jpg, 1, 0, 0, 0, 0
ee31b3fa576d6ee9_jpg.rf.8cfaf3cf1577b0fa183b024f92eddf3a.jpg, 1, 0, 0, 0, 0
d5982e8c9f63acc8_jpg.rf.8c1f720b0fbbbe7feb6894e344bf0993.jpg, 0, 0, 1, 0, 0
9c5cf4fed30054f2_jpg.rf.8d59bf23b1838d6673d56f2993118edd.jpg, 0, 0, 0, 0, 1
755429acdd214071_jpg.rf.8960431678909a9c411ef32cca4fb407.jpg, 0, 0, 1, 0, 0
0a03d85b3dcb2a1b_jpg.rf.8fe905216278f4ba105b22f491130efc.jpg, 0, 0, 1, 0, 0
cc266fd9ac857379_jpg.rf.8b15595bfad4b4fabe944b15db49f36c.jpg, 0, 0, 1, 0, 0
878749c0431be08b_jpg.rf.8fb0a48ff20afeadbaf2983c8cb43ac1.jpg, 0, 0, 0, 1, 0
3b10eae932548195_jpg.rf.8ca5dbdb7ffd982153518b16bf78f6ca.jpg, 0, 1, 0, 0, 0
3ba18e96c29ab06e_jpg.rf.8f7d2fc57d7ec105359d20fb5ff3b6fa.jpg, 0, 0, 0, 1, 0
d8457fa9476ca19f_jpg.rf.8740fdc61807c093d55aa30c1c8cf43f.jpg, 0, 0, 0, 1, 0
cf8379de677b7911_jpg.rf.8e2327ec9381a4111a334a35247f8f3e.jpg, 1, 0, 0, 0, 0
2d499dab8c71a566_jpg.rf.8f7409a479058fc3a963fb9b69b2f3a8.jpg, 0, 0, 1, 0, 0
8ac16d8c5aed72c7_jpg.rf.90e1442c121ceb4121a39e8c87ebeb74.jpg, 0, 0, 1, 0, 0
0f26dd755f4b5ab6_jpg.rf.8a07b7c0688669b66d1d98d49d931908.jpg, 0, 0, 0, 1, 0
c68b78dcd33a89c0_jpg.rf.8e2e528908b5ed2b9a325cf7296fdcfd.jpg, 0, 0, 1, 0, 0
1fc8576317033787_jpg.rf.891d5dcf624c2eb217f559a0daa80494.jpg, 1, 0, 0, 0, 0
db8edd501003ee7d_jpg.rf.91af2719a820c14c3e7274f47c4e5cb3.jpg, 0, 0, 1, 0, 0
d5a95b86f4ce76c1_jpg.rf.914198ae15840fe0142cb8249a159162.jpg, 1, 0, 0, 0, 0
4039b64d9f2b5291_jpg.rf.98b554f3ce1cf2475f758d83c9fca90d.jpg, 0, 0, 1, 0, 0
3a7cb48aac371b62_jpg.rf.93f0cae58a909805a5c0d42819aba43e.jpg, 0, 1, 0, 0, 0
7fc3bf7ec6900b1e_jpg.rf.9a88cbade81e9afae19697ded6f3b889.jpg, 0, 1, 0, 0, 0
bfa31c9efb82129a_jpg.rf.9333b40c61b6ea3c7c528f2813d0e67e.jpg, 0, 0, 0, 1, 0
f1e36e4d71ff6b57_jpg.rf.95abae4b41b283c820cc2f040c435165.jpg, 0, 0, 1, 0, 0
4e1842c6c439df43_jpg.rf.9b391374462d8e8cd3894ea8d2ea69f9.jpg, 1, 0, 0, 0, 0
676c200e4e2eb0d3_jpg.rf.92c6754391f897a0d6b74d44fe5cef4f.jpg, 0, 0, 0, 1, 0
b813acfbebfda35b_jpg.rf.9584a274d3c2ab65b33e7432972e284c.jpg, 0, 0, 1, 0, 0
648ec06369820594_jpg.rf.94cf4c7b32bbad96b64d312e508a2f11.jpg, 0, 0, 1, 0, 0
a17495d2be501298_jpg.rf.9a17a17188b1e8286f4a30164a6d3906.jpg, 0, 0, 1, 0, 0
90ddce2c65dec1cf_jpg.rf.97a0ac4dd578a28403dee4e09a73d982.jpg, 0, 0, 1, 0, 0
bb77a64dbce401ed_jpg.rf.96630fea2f2b0129d7a2913e313347fc.jpg, 0, 0, 1, 0, 0
f2463ddabfffc04f_jpg.rf.8b4a7e5fdfae6a7e5fd21a281c7916bd.jpg, 0, 0, 1, 0, 0
ddd9751b7335badf_jpg.rf.9b04f6e06575ec8539d9e23ebc266a82.jpg, 0, 0, 1, 0, 0
d0fa518d2d1f9de2_jpg.rf.9a37e6e3ce34044c6640fb57cc6c4dce.jpg, 1, 0, 0, 0, 0
00aaf0a0a9ee7e71_jpg.rf.96b257a155a74468e5ed2b9d07c8239e.jpg, 0, 0, 0, 0, 1
26513c95488eebdd_jpg.rf.9ae24fea70253c5b765aaae9f0855f57.jpg, 0, 0, 0, 0, 1
5361b369f7a7d183_jpg.rf.920bec75fda5fe50907a0808d0496019.jpg, 0, 0, 1, 0, 0
d8b725a5e406bf77_jpg.rf.92d7d777280fe8c295bd8c5e6d96be41.jpg, 0, 1, 0, 0, 0
dc0dbdc656725dc2_jpg.rf.95e9b900e148d1f1a1b4bb975b962200.jpg, 0, 0, 1, 0, 0
3c60f9c54565c925_jpg.rf.9ba47ea0cdc86c8c052d9f8514f5e04f.jpg, 0, 0, 1, 0, 0
d77b53c86cdbdadf_jpg.rf.9290674ff1a375ac7b15c1742acc5bf3.jpg, 1, 0, 0, 0, 0
0ff18bf912a38470_jpg.rf.9d68b50a42f60694814add78c7599bf9.jpg, 0, 0, 0, 1, 0
6b08b17e4bd591d8_jpg.rf.9cd858ff03845573bd6a236470a4ad9b.jpg, 0, 0, 1, 0, 0
da20e0a516903791_jpg.rf.9c7ea10270703d16ce24e8221010cf3e.jpg, 0, 0, 1, 0, 0
d67db4e0e81979e4_jpg.rf.a3f33381320889bd363f0402bc534e9b.jpg, 0, 0, 1, 0, 0
7845ed5a26cb9fd4_jpg.rf.932aee893e8e23433ae3f1c0f9ae6a03.jpg, 0, 0, 1, 0, 0
8805768cafea8902_jpg.rf.a33e98ac093750cb334ba2727046e477.jpg, 0, 0, 1, 0, 0
48763535bbf4e21f_jpg.rf.9f697f24ee56c2389d1cdc512b23074e.jpg, 0, 1, 0, 0, 0
6137a6a4591d9977_jpg.rf.a327f384e4735c2b4c463c1eb5d1a2d5.jpg, 0, 0, 0, 1, 0
363720f781ca3c15_jpg.rf.980e92957c506877e2cb8de5f0a7af55.jpg, 0, 0, 0, 1, 0
b26314890a9cc3a8_jpg.rf.9e590820b7fc070a05ae4e82508e9ddd.jpg, 0, 0, 1, 0, 0
3b53976a94e33073_jpg.rf.9f0d1a803b654dfd921591010947237e.jpg, 0, 0, 0, 0, 1
50254d0ed7df5e01_jpg.rf.a4d34d8011bba8005e1e592940bddd99.jpg, 0, 0, 1, 0, 0
062e230c4506d21d_jpg.rf.a5465ca242a6fed8e2bdc9c4609ae62d.jpg, 0, 0, 1, 0, 0
005980b3a5f93085_jpg.rf.a98c10f091ce878833fc536014d57116.jpg, 0, 0, 1, 0, 0
da386cf96761ef58_jpg.rf.a22f74232fbf4152656e4c21a5a806a4.jpg, 1, 0, 0, 0, 0
5cba43398b2ecbb0_jpg.rf.a3607529dac304417df8af9fd188169f.jpg, 0, 0, 1, 0, 0
1987e409c66239ab_jpg.rf.9f77f5f23a0b3adb8ac47faea3f9f76d.jpg, 0, 0, 1, 0, 0
0ba56949c8eb973e_jpg.rf.a7c8bdf9adaa3d8ff838562bf0fd6a0d.jpg, 0, 0, 0, 1, 0
ed24483d1c6d977f_jpg.rf.9fa6b56902ebbb932b35e65aea1f20e8.jpg, 0, 0, 1, 0, 0
846d94cce4386166_jpg.rf.a97fa7b2e90e04710dcf90005eccdd16.jpg, 0, 0, 1, 0, 0
9ead2683d36b6457_jpg.rf.aa1833102dfc2efff4aadf4c67acc82e.jpg, 0, 0, 0, 0, 1
3612859ad8f4b8ac_jpg.rf.a987fd4f0cdedb99813b437392d11b66.jpg, 0, 0, 0, 1, 0
a6bae981a16ab9a6_jpg.rf.a34b79f5246ee7e36839a7a40e40beb0.jpg, 0, 0, 1, 0, 0
5d06268dea00edf0_jpg.rf.a1b9a7089850198bfb12c6d8652dc5d9.jpg, 0, 0, 1, 0, 0
ebdb1c5cf58b8a86_jpg.rf.aab258e8c1945eb10d99f1c1c0cb3e29.jpg, 1, 0, 0, 0, 0
6f2cc554e1c2a402_jpg.rf.a8fd7acf1fb8bd2a49f430f9cf8ea369.jpg, 0, 0, 1, 0, 0
1ce4f78534c54bc2_jpg.rf.ad120137a95bb40ab8767983263a7914.jpg, 0, 1, 0, 0, 0
7bb1cf09506080dd_jpg.rf.a9ad6b8c8f29986f65d6373f9adbc3f6.jpg, 1, 0, 0, 0, 0
4b223d28e75b30c4_jpg.rf.aa7065197c646cbb6f0f8c97807b21e0.jpg, 0, 1, 0, 0, 0
fc89e4a4c0ba33f1_jpg.rf.adb14732ae4e1929ce03e4477f24d008.jpg, 0, 0, 0, 0, 1
1dbc8d811c800ef7_jpg.rf.a8d6fb8150c41023d1b8d3c4c88ec754.jpg, 1, 0, 0, 0, 0
32d513726785e781_jpg.rf.ad1b1c6af17f04095b759dbf03cced66.jpg, 1, 0, 0, 0, 0
3306489836719c96_jpg.rf.ac5083aa97aec2ccbd46debe712d0d6e.jpg, 0, 0, 1, 0, 0
6a04d25b58fe0a27_jpg.rf.ab90130b95c1166ba8b26bad511992bf.jpg, 0, 0, 1, 0, 0
d82e0b91d310037c_jpg.rf.af6ab5c18705e36fc4de3f9f186298a4.jpg, 0, 0, 0, 0, 1
b6bab9d58f2b26b8_jpg.rf.ad31350deca26198aef4c2376ca84049.jpg, 0, 1, 0, 0, 0
86300d7134e22a54_jpg.rf.b1ab74785ab597f2c5ab6aa7e3ae0fb2.jpg, 0, 0, 0, 0, 1
b61201eee8903342_jpg.rf.ae4654b312991e0fd7d24d390a839522.jpg, 0, 1, 0, 0, 0
e6d5f562f82c5344_jpg.rf.b4485480060cc16b992bbf5b72c32326.jpg, 0, 0, 1, 0, 0
73eecdcf3e8b2d0a_jpg.rf.a89bdfef5b7b4a11a90aca0161da78ce.jpg, 1, 0, 0, 0, 0
067e7d6c015a431d_jpg.rf.b02b5d1ee50863ac3ab92fa97edc9be9.jpg, 0, 0, 0, 1, 0
6ff911eff6b2b445_jpg.rf.b476c32c32772b938db8ad29adc3e99a.jpg, 0, 1, 0, 0, 0
39fd1bb4a899e0e3_jpg.rf.affa8604e46a10af6c2649a05ead0e09.jpg, 0, 0, 0, 1, 0
a15cccae5ae7bcb5_jpg.rf.b1158eb163582d5953d30b4a62a01bbb.jpg, 0, 0, 0, 0, 1
0ca61e55ccf257ba_jpg.rf.ae252663ccfd4614dfded5e56b60b143.jpg, 0, 0, 0, 0, 1
c27036c5b7baaa04_jpg.rf.b3a1c7947933b9f270feb39aff09e263.jpg, 0, 1, 0, 0, 0
07dfa70d0dfdf4e8_jpg.rf.b7d9815c1e9c4f058f94178369da660d.jpg, 1, 0, 0, 0, 0
10e8132f183fcc3e_jpg.rf.b70cb5424f9b067b864cbe02fc25f0ad.jpg, 0, 0, 1, 0, 0
82d83aabe4bbc7f5_jpg.rf.b5128b9669dd15f0b1c0c3340de79de6.jpg, 0, 0, 1, 0, 0
6b0ff20bea33a627_jpg.rf.a94a2bed4163b02f7bfe78929dfa34a3.jpg, 0, 0, 0, 1, 0
2430d5e7d680b683_jpg.rf.b6dafd3b8519343d825793f2abc1a87c.jpg, 0, 0, 1, 0, 0
1e668423ae32ce6f_jpg.rf.b5419ca17ca46c8109c239881f34d0d7.jpg, 0, 0, 1, 0, 0
34dfa486fec6e0bc_jpg.rf.b7f9c11d82a086260132d87b64122127.jpg, 0, 0, 0, 1, 0
9c8ca199afe3eab2_jpg.rf.b8ad4af3c4bac001d54e9aa52373776b.jpg, 0, 0, 0, 1, 0
b9e2a70f60d7473b_jpg.rf.b999b60af4544c1e7d7c7a0c3c00e093.jpg, 0, 0, 1, 0, 0
3848f783b1a99a6e_jpg.rf.baf037189732826988ae0128c38d8e3e.jpg, 1, 0, 0, 0, 0
ff5b0ccc9d80b4ca_jpg.rf.b9efb1a35bada19c2731802943848acb.jpg, 0, 0, 1, 0, 0
2fbf5f7443d53898_jpg.rf.c03e038c30e8c8cdc941732ec47754dc.jpg, 0, 0, 1, 0, 0
f1200c263667e455_jpg.rf.c23e0a5c3d702564329ffdf1288bf84a.jpg, 0, 0, 0, 0, 1
210112c7c8085350_jpg.rf.be6e0694bc002b555eea4c3e21836af0.jpg, 0, 0, 0, 0, 1
8ee800b43a4797d5_jpg.rf.b954d5ee13d24be8f00e5a74770f3ab6.jpg, 0, 0, 0, 1, 0
c7628592a03f9ff4_jpg.rf.bc0b46e3308869847768d4a805881f06.jpg, 0, 0, 0, 1, 0
2c22bcb9295eacdf_jpg.rf.be231f99681915da668add36271677c4.jpg, 0, 0, 0, 0, 1
fb078205fc459cf0_jpg.rf.bb24c284c59e167877a362aa4919345e.jpg, 0, 0, 1, 0, 0
1d26ac4c9e98acc1_jpg.rf.bcf64489b9c386403400f43c52c6e0bc.jpg, 0, 0, 0, 1, 0
d6cb030b80f36d93_jpg.rf.bb2e9decd8985dff2abc958a3ad95845.jpg, 0, 1, 0, 0, 0
2bc6989e7421dc9d_jpg.rf.bc66cd9ce256d34cc2954aefbb62874a.jpg, 0, 0, 1, 0, 0
20514cfccbb4a2ab_jpg.rf.bff4eea6d8e90283a425730338a57715.jpg, 0, 1, 0, 0, 0
0df5a680a412fa0b_jpg.rf.bad662b8e892aac157ce2c4a1b58a19a.jpg, 0, 0, 0, 0, 1
b856e2f0ec2e5fcc_jpg.rf.c414b375db2bad1afde1d6b475271862.jpg, 0, 1, 0, 0, 0
366078debdbff8c9_jpg.rf.c83a2fac16d5fed9e72e3869a75427b5.jpg, 0, 0, 0, 0, 1
7693ecc1e8107ba8_jpg.rf.bca6689ef7c567beba4881a4cf8ea1f4.jpg, 1, 0, 0, 0, 0
b8a245cb4571e8fb_jpg.rf.c5b4f8dacda5aa416736efda3cc28fdd.jpg, 0, 0, 0, 1, 0
8d96556cdec8743f_jpg.rf.bc480d4ca0e7ec8bdb20f41ab0d67bf9.jpg, 0, 0, 1, 0, 0
e3b441115c18fca3_jpg.rf.c4c06554b4a6d94744ae7852da6051b1.jpg, 0, 0, 0, 0, 1
7647fd79a316276d_jpg.rf.c405388670b50544ba962c71f4a9a194.jpg, 0, 0, 0, 0, 1
d9bb7fca2b0f4d5e_jpg.rf.c96ac7aff694e9af71ad848ad01659d5.jpg, 0, 0, 1, 0, 0
547919acfed4d238_jpg.rf.cc3b35246f7d876d67a1f54ebc2e1244.jpg, 1, 0, 0, 0, 0
6deb06ad4f5642aa_jpg.rf.c8b5c91824f50788c341eae588839618.jpg, 0, 1, 0, 0, 0
8d9eabbbc5f0ef15_jpg.rf.cb3dfadaca13f76ce0f66dff467f96de.jpg, 0, 0, 1, 0, 0
a3459377124924f2_jpg.rf.c4ae8360ab4f22df0409f3d29affe537.jpg, 0, 0, 1, 0, 0
0a56ee41a72480bc_jpg.rf.c4ea89a37291ff9b3cc09ef0f90c3587.jpg, 0, 0, 0, 0, 1
33758dc39a63f28f_jpg.rf.c86690b67db912fa9b557a42e7dc1cae.jpg, 0, 0, 1, 0, 0
1f0ce568a7da5d78_jpg.rf.d0161eeefaf7729a5a718e59a86c29da.jpg, 0, 0, 1, 0, 0
011a8a0a921c2376_jpg.rf.d19f8290a552aa797772cfbbb994afb2.jpg, 0, 0, 0, 0, 1
8ba28eeec6f1a78c_jpg.rf.c9140bb95d2bdf600513f59967bcebf1.jpg, 0, 0, 1, 0, 0
b1e5a16e9c943534_jpg.rf.cc15e371b0d861077267a053bce3b470.jpg, 0, 0, 1, 0, 0
09fd3f0199f2be7e_jpg.rf.cd0eab944d36824ee0be33060d60e344.jpg, 0, 0, 0, 1, 0
10824aeb7449a206_jpg.rf.cc4df759667b5fd76fc2837a9e1b3235.jpg, 0, 0, 1, 0, 0
5b0f57b9bad38bc2_jpg.rf.c2fc9a26c61e88e6ebbc24e8001cbda4.jpg, 1, 0, 0, 0, 0
43f9dfb36618117e_jpg.rf.d4156af0aef310d2a50c4287f4e86c97.jpg, 0, 0, 1, 0, 0
7eecf7ff2aaa158b_jpg.rf.ccb8b67346f48a04374e91ed0b21108e.jpg, 0, 0, 0, 0, 1
ea87ffff22c14e7a_jpg.rf.d9311c162c69a0fdd2a8ed413eaca0f4.jpg, 0, 0, 0, 0, 1
045f8f2e4c2e3077_jpg.rf.c63e52c1f770ac0511831bb04b4528f7.jpg, 0, 0, 0, 0, 1
d7b4f384da274b4a_jpg.rf.d3d53a31cfdf59f6018ab41306020774.jpg, 0, 0, 1, 0, 0
b31f29967475ce05_jpg.rf.d1eabef177d47977cdf9620441594481.jpg, 0, 0, 0, 1, 0
43dcff50b018f61c_jpg.rf.d5c0c3b429664da9bd89ef5c45404bdd.jpg, 0, 0, 1, 0, 0
962a308b6a4b2fbc_jpg.rf.d46abc828a8804e589666b61bf36a735.jpg, 0, 0, 1, 0, 0
0777838554ecb1eb_jpg.rf.d3d89250ad07626a6c887c5c0ff5cab8.jpg, 0, 0, 1, 0, 0
d900408a3652fdce_jpg.rf.d4b4e3fc100d27224009c65e6af14e7a.jpg, 0, 1, 0, 0, 0
8448957c4e76c2c4_jpg.rf.d510eaf3637ca24943fba487b1c6514d.jpg, 0, 0, 1, 0, 0
3a0139f984e673b9_jpg.rf.d41d1794f534866b8377cd081b8bf8f5.jpg, 1, 0, 0, 0, 0
1fd80240046ef704_jpg.rf.d642375f228c5d3bd7159fd3f7af3209.jpg, 0, 1, 0, 0, 0
0dc6d85a2ba0a534_jpg.rf.dd39dc668f5534cdc298e51081f88b4d.jpg, 0, 0, 0, 1, 0
cc9784b20f5059c6_jpg.rf.d9b1ea081a2f36bd6fa871854b8c5367.jpg, 0, 0, 1, 0, 0
944965d358ae7d52_jpg.rf.dc6d717ba131e34ba2257a1114a669d5.jpg, 0, 0, 0, 0, 1
b2a36196721315df_jpg.rf.ddfcf39669f4900704c88a88fe1bf989.jpg, 0, 0, 1, 0, 0
a6584f0e0dcbf71c_jpg.rf.cc904b5b4349e8e850f1bf4d90e71e1d.jpg, 0, 0, 1, 0, 0
933a65f721f20680_jpg.rf.ddfd812360fe57ff174ca9026fa0e683.jpg, 0, 0, 0, 1, 0
949779eae219ffbb_jpg.rf.df6ce54b65cf47b923eef83200587318.jpg, 0, 0, 0, 0, 1
2d94e4aa09c1c7de_jpg.rf.da82126be0fc0479337bc2eeefdf0b82.jpg, 0, 0, 0, 1, 0
b8e3cfcdf196bc11_jpg.rf.da6417ec310b3640a40a2a1eec392e4a.jpg, 0, 0, 0, 0, 1
024a282cdc754de8_jpg.rf.df0582e97241dc068d18b2a4bce15e50.jpg, 0, 0, 1, 0, 0
8064f777d12332de_jpg.rf.e3dbf45105704ef9e7c4f0015438f195.jpg, 0, 0, 1, 0, 0
f346d416e5980473_jpg.rf.db21672b8b624406a845f1d399d93538.jpg, 0, 0, 0, 0, 1
646a24cf7ab571e1_jpg.rf.e0ed764616b9405c2d7844521b7b566c.jpg, 0, 0, 0, 0, 1
49304cbc80ffb423_jpg.rf.da5ee71f3a0d70bf34c9c41c702d8785.jpg, 0, 0, 0, 0, 1
df7ae805d8d405f6_jpg.rf.de4633dbe0baadb42af1926abe22c4b3.jpg, 0, 0, 1, 0, 0
4449601908f2515e_jpg.rf.e3f8918ea36bb50a6245387724ee9856.jpg, 0, 1, 0, 0, 0
58e253c5a17f2ca8_jpg.rf.e2dc1a003069689a53051c8cad329b27.jpg, 0, 0, 1, 0, 0
d3ecf31b6ea93e9c_jpg.rf.e610df9dda28762ec7c9793c81c58122.jpg, 0, 1, 0, 0, 0
32af44c2a2cfb296_jpg.rf.e481dc6075148c812a545eeb8f72db22.jpg, 0, 0, 1, 0, 0
cdae08c988feed9d_jpg.rf.e32bf8f0e962a45189b854742da6d5ee.jpg, 0, 0, 1, 0, 0
2f84bd4d0f335907_jpg.rf.e2faba3012432cf605cb2ed12f05f3fc.jpg, 0, 0, 1, 0, 0
4b48a5de005d5162_jpg.rf.e8146e5d8a8e9f8c4bd295563bcbeb31.jpg, 0, 1, 0, 0, 0
33f44ac135f3aef7_jpg.rf.e5595f10e247f001cd4e3ead7328b2ba.jpg, 0, 0, 1, 0, 0
307f01bd9b5a07ad_jpg.rf.e7adcc2b5fb65f3bd337afcbf82c73ec.jpg, 0, 0, 0, 1, 0
68caac3407b2275f_jpg.rf.e64d1465bd08f7326c60c5f049230677.jpg, 1, 0, 0, 0, 0
9c8fc20bce80d5d0_jpg.rf.e41896119f91b2cfaaa34ee20714d33f.jpg, 0, 1, 0, 0, 0
62095bcc48bd06cf_jpg.rf.e99e38b7aecc08dce73f05f0d735ac2b.jpg, 0, 0, 1, 0, 0
a9cbd4910c5d9086_jpg.rf.e9aef63e1931282d866cdd956d98c07b.jpg, 0, 1, 0, 0, 0
020fcce8dd0c0653_jpg.rf.e7170c962809db5b352f36dfee3288b4.jpg, 0, 1, 0, 0, 0
d24ca593fdb348fc_jpg.rf.e849ff4e73796e6d6bcced371142685e.jpg, 1, 0, 0, 0, 0
5400848ead05f765_jpg.rf.e9524b4d4331e04a23b66efbb07af39b.jpg, 0, 0, 1, 0, 0
709b17bde853983b_jpg.rf.ed8901d3d7bdec5d19bb49ee67c0492e.jpg, 0, 0, 1, 0, 0
52c0ecb1f2fdebd4_jpg.rf.ee222db6945b61f5993efd6e55f1e1e2.jpg, 0, 0, 1, 0, 0
63c912059a45468b_jpg.rf.ecd5e50a2a9ad271e3463fc8ddae3d16.jpg, 0, 0, 0, 0, 1
d33bb0d6aa206686_jpg.rf.ee5a0d115fc67cd2d4eff07e8869e3e9.jpg, 0, 0, 1, 0, 0
f971dfb20ee52e9b_jpg.rf.edbd9fad224f16f1e5d10e338d86eddf.jpg, 0, 1, 0, 0, 0
8a72cf2f25b0b187_jpg.rf.e9bdb402ff4c919066a5785e6b9cf3f3.jpg, 0, 0, 1, 0, 0
fd063bf2b2c9def1_jpg.rf.f361e856079d626fa1e565b8cf51aa00.jpg, 0, 0, 0, 1, 0
7c7fb68e46068c1a_jpg.rf.ed6597f94189bafb932d03f26c429dfb.jpg, 0, 1, 0, 0, 0
0158307c4ad94b38_jpg.rf.ed5200c966d7c6bffeca75a998d6cf2d.jpg, 1, 0, 0, 0, 0
1781ceeba365928b_jpg.rf.ec1c955ee52411df3566aaa0a2c5c0c5.jpg, 0, 1, 0, 0, 0
bdb39aad895c90c6_jpg.rf.e9105f092d053710b8eee531f4b01dce.jpg, 0, 0, 1, 0, 0
aa159f88e636f64c_jpg.rf.edadc3a2495da75fd32c666df4c06531.jpg, 0, 0, 0, 1, 0
559a81baaab7e2df_jpg.rf.ec21a4579dedf36f160bba90e62c448b.jpg, 0, 0, 0, 1, 0
7f521593dc5e1d37_jpg.rf.ef5cb2e4789384e90e41a817b529597d.jpg, 0, 1, 0, 0, 0
bacb74ab77c5eccf_jpg.rf.f5ea3b4936358a14740d576bd511b288.jpg, 0, 0, 1, 0, 0
eaa621be0a24470e_jpg.rf.ed516578e53a2e82c6a6a8cb4c854d11.jpg, 0, 1, 0, 0, 0
26a70b16b74ea019_jpg.rf.f24a87707cbd10c3cbf2d24f4cbba87b.jpg, 1, 0, 0, 0, 0
82d3bb8f9d736f88_jpg.rf.efde038bb5c65888e8e34208c238c677.jpg, 0, 0, 0, 0, 1
26775ec6cdcdbc9d_jpg.rf.f6b8bf1ad93f65d6a666c1112f001994.jpg, 0, 0, 0, 0, 1
1d58456f6d5e9498_jpg.rf.ed80c07d8ffd18ad3b44a4a88a2afa74.jpg, 0, 1, 0, 0, 0
eeaaa970c01c0f77_jpg.rf.f61176b30f550ee011c6cbe14bd52cf4.jpg, 1, 0, 0, 0, 0
a238a0fee56f0d0c_jpg.rf.f107b570b5e8d64da1efea1ed4edbd2f.jpg, 1, 0, 0, 0, 0
8e1ded483cacc175_jpg.rf.f4e5c848df67354c6cecf7549250a18d.jpg, 0, 0, 0, 0, 1
6f90ee12f14ee50a_jpg.rf.fb4157aaea2817a80c40c95862c4ea32.jpg, 0, 0, 1, 0, 0
00e13aca7d2f904a_jpg.rf.e94165aefcb2f93672f2945a75aa2964.jpg, 0, 0, 0, 0, 1
7f3819434208d49f_jpg.rf.f6fadeb2f512d10d7bfce6fb73ff53dd.jpg, 0, 0, 0, 1, 0
abbe2d8b6072322a_jpg.rf.f73a6342447d7d501caedd3b11177c24.jpg, 0, 0, 1, 0, 0
7a67044a2e20e055_jpg.rf.ef0b42cd8600cf23af4d8379862367f1.jpg, 0, 0, 1, 0, 0
897ab2755c40c9d5_jpg.rf.fe61f1615dcc9d1880858afcdbd4f0ee.jpg, 0, 0, 0, 1, 0
c7bcb6bf2ea5b289_jpg.rf.fa88385541440e9fadb7588d96a93696.jpg, 0, 0, 1, 0, 0
fa4373131d980682_jpg.rf.fde5a677997368d29d4b00dfd08312a0.jpg, 1, 0, 0, 0, 0
b76ccf04540bc757_jpg.rf.fbfe40d6e575d754e7523ee7f0ff7646.jpg, 0, 0, 0, 1, 0
d1d94b2d00fe61ca_jpg.rf.fb9ecddca460678a8e0fa2933f390833.jpg, 0, 0, 0, 0, 1
0c5138e15c71f741_jpg.rf.fbd1972672844a58e97c061ab1f7fa22.jpg, 1, 0, 0, 0, 0